-- --------------------------------------------------------
-- Host:                         127.0.0.1
-- Server version:               8.0.32 - MySQL Community Server - GPL
-- Server OS:                    Linux
-- HeidiSQL Version:             12.4.0.6659
-- --------------------------------------------------------

/*!40101 SET @OLD_CHARACTER_SET_CLIENT=@@CHARACTER_SET_CLIENT */;
/*!40101 SET NAMES utf8 */;
/*!50503 SET NAMES utf8mb4 */;
/*!40103 SET @OLD_TIME_ZONE=@@TIME_ZONE */;
/*!40103 SET TIME_ZONE='+00:00' */;
/*!40014 SET @OLD_FOREIGN_KEY_CHECKS=@@FOREIGN_KEY_CHECKS, FOREIGN_KEY_CHECKS=0 */;
/*!40101 SET @OLD_SQL_MODE=@@SQL_MODE, SQL_MODE='NO_AUTO_VALUE_ON_ZERO' */;
/*!40111 SET @OLD_SQL_NOTES=@@SQL_NOTES, SQL_NOTES=0 */;

-- Dumping data for table pos_sistem.active_products: ~4 rows (approximately)
INSERT INTO `active_products` (`id`, `uuid`, `user_id`, `company_id`, `is_bundle`, `is_active`, `active_product_name`, `product_image`, `description`, `sku`, `price_display`, `price_promo`, `outlet_id`, `is_available`, `created_at`, `updated_at`, `deleted_at`, `category_id`) VALUES
	(1, '7fGyWnfvGbddLiyYEato', 1, 1, 0, 1, 'Es Teh', 'storage/images/product/7fGyWnfvGbddLiyYEato.png', 'Es Teh segar', 'ESTEH::72', 6000, 6000, 1, 1, '2023-04-16 23:53:00', NULL, NULL, 1),
	(2, 'Z4SUxO21jfiEKrN1qcdZ', 1, 1, 0, 1, 'Mi Aceh', 'storage/images/product/Z4SUxO21jfiEKrN1qcdZ.png', 'Mie Aceh', 'MIACEH::73', 30000, 30000, 2, 1, '2023-04-16 23:54:00', NULL, NULL, 2),
	(3, 'DP1YWqmKdQLBpZHJHNN7', 1, 1, 0, 1, 'Nasi Goreng', 'storage/images/product/DP1YWqmKdQLBpZHJHNN7.png', 'Nasi Goreng Enak Hehe', 'NASIGORENG::59', 25000, 25000, 2, 1, '2023-07-26 21:38:30', NULL, NULL, 2),
	(4, '1EgL4VPXv5bYFOatQmGW', 1, 1, 0, 1, 'Nasi Goreng Seafood', 'storage/images/product/1EgL4VPXv5bYFOatQmGW.png', 'Nasi Goreng Seafood', 'NASIGORENGSEAFOOD::14', 30000, 30000, 2, 1, '2023-07-27 10:18:47', NULL, NULL, 9);

-- Dumping data for table pos_sistem.active_product_items: ~0 rows (approximately)

-- Dumping data for table pos_sistem.categories: ~11 rows (approximately)
INSERT INTO `categories` (`id`, `company_id`, `user_id`, `category_name`, `is_active`, `created_at`, `updated_at`) VALUES
	(1, 1, 1, 'Minuman', 1, '2023-04-16 23:52:10', NULL),
	(2, 1, 1, 'Makanan', 1, '2023-04-16 23:52:16', NULL),
	(3, 1, 1, 'Snacks', 1, '2023-07-27 08:45:02', '2023-07-27 08:46:13'),
	(8, 1, 1, 'Sate', 1, '2023-07-27 08:53:21', '2023-07-27 08:53:21'),
	(9, 1, 1, 'Nasi Goreng', 1, '2023-07-27 08:53:21', '2023-07-27 08:53:21'),
	(10, 1, 1, 'Burger', 1, '2023-07-27 08:53:21', '2023-07-27 08:53:21'),
	(11, 1, 1, 'Mie Goreng', 1, '2023-07-27 08:53:21', '2023-07-27 08:53:21'),
	(12, 1, 1, 'Sate', 1, '2023-07-27 10:16:51', '2023-07-27 10:16:51'),
	(13, 1, 1, 'Nasi Goreng', 1, '2023-07-27 10:16:51', '2023-07-27 10:16:51'),
	(14, 1, 1, 'Burger', 1, '2023-07-27 10:16:51', '2023-07-27 10:16:51'),
	(15, 1, 1, 'Mie Goreng', 1, '2023-07-27 10:16:51', '2023-07-27 10:16:51');

-- Dumping data for table pos_sistem.companies: ~0 rows (approximately)

-- Dumping data for table pos_sistem.failed_jobs: ~0 rows (approximately)

-- Dumping data for table pos_sistem.invoices: ~61 rows (approximately)
INSERT INTO `invoices` (`id`, `user_id`, `qr_code_id`, `company_id`, `invoice_number`, `invoice_code`, `name`, `keterangan`, `payment_at`, `payment_method`, `started_at`, `order_at`, `payment_charge`, `payment_change`, `payment_user`, `is_active`, `is_generate_report`, `created_at`, `updated_at`, `deleted_at`, `no_table`, `payment_status`, `order_status`, `tax`, `charge_before_tax`, `secret_key`, `xendit_id`, `invoice_url`, `expired_date`) VALUES
	(1, 1, 0, 1, 'INVC16816640641D2', '1', 'Andika Yuda', NULL, '2023-06-23 16:11:01', 'ovo', '2023-04-16 23:54:24', '2023-04-16 23:54:24', 39600, 0, NULL, 1, 0, '2023-04-16 23:54:24', '2023-04-17 00:13:08', NULL, '3', 1, 'selesai', 3600, 36000, NULL, NULL, NULL, NULL),
	(2, 1, 0, 1, 'INVC16816644281SZ', '1', 'Andika Yuda', NULL, '2023-06-23 16:07:33', 'ovo', '2023-04-17 00:00:28', '2023-04-17 00:00:28', 79200, 0, NULL, 1, 0, '2023-04-17 00:00:28', '2023-04-17 00:13:16', NULL, '4', 1, 'selesai', 7200, 72000, NULL, NULL, NULL, NULL),
	(3, 2, 0, 1, 'INVC16816649061R5', '2', 'Andika Yuda', NULL, '2023-06-23 16:04:23', 'qris', '2023-04-17 00:08:26', '2023-04-17 00:08:26', 118800, 0, NULL, 1, 0, '2023-04-17 00:08:26', '2023-04-17 00:13:17', NULL, '7', 1, 'selesai', 10800, 108000, NULL, NULL, NULL, NULL),
	(4, 1, 0, 1, 'INVC16875122521UC', '1', 'Andika Yuda', NULL, '2023-06-23 16:24:40', 'ovo', '2023-06-23 16:24:12', '2023-06-23 16:24:12', 26400, 0, NULL, 1, 0, '2023-06-23 16:24:12', NULL, NULL, '5', 1, 'selesai', 2400, 24000, NULL, NULL, NULL, NULL),
	(5, 1, 0, 1, 'INVC16875218271JS', '2', 'Andika Yuda', NULL, '2023-06-23 22:22:09', 'qris', '2023-06-23 19:03:47', '2023-06-23 19:03:47', 66000, 0, NULL, 1, 0, '2023-06-23 19:03:47', NULL, NULL, '5', 1, 'selesai', 6000, 60000, NULL, NULL, NULL, NULL),
	(6, 1, 0, 1, 'INVC16875384721VX', '3', 'Dika', NULL, '2023-06-23 23:43:12', 'qris', '2023-06-23 23:41:12', '2023-06-23 23:41:12', 59400, 0, NULL, 1, 0, '2023-06-23 23:41:12', NULL, NULL, '12', 1, 'selesai', 5400, 54000, NULL, NULL, NULL, NULL),
	(7, 1, 0, 1, 'INVC16875388021IR', '4', 'Admin', NULL, '2023-06-23 23:52:41', 'qris', '2023-06-23 23:46:42', '2023-06-23 23:46:42', 46200, 0, NULL, 1, 0, '2023-06-23 23:46:42', NULL, NULL, '45', 1, 'selesai', 4200, 42000, NULL, NULL, NULL, NULL),
	(8, 1, 0, 1, 'INVC16875392901TG', '5', 'Andika Yuda', NULL, '2023-06-24 00:01:26', 'qris', '2023-06-23 23:54:50', '2023-06-23 23:54:50', 541200, 0, NULL, 1, 0, '2023-06-23 23:54:50', NULL, NULL, '2', 1, 'selesai', 49200, 492000, NULL, NULL, NULL, NULL),
	(9, 1, 0, 1, 'INVC16875397621OH', '1', 'Andika Yuda', NULL, '2023-06-24 00:30:32', 'qris', '2023-06-24 00:02:42', '2023-06-24 00:02:42', 39600, 0, NULL, 1, 0, '2023-06-24 00:02:42', NULL, NULL, '4', 1, 'selesai', 3600, 36000, NULL, NULL, NULL, NULL),
	(10, 1, 0, 1, 'INVC16875403231L6', '2', 'Andika', NULL, '2023-06-24 00:57:13', 'qris', '2023-06-24 00:12:03', '2023-06-24 00:12:03', 33000, 0, NULL, 1, 0, '2023-06-24 00:12:03', NULL, NULL, '1', 1, 'selesai', 3000, 30000, NULL, NULL, NULL, NULL),
	(11, 1, 0, 1, 'INVC16875403981PY', '3', 'Andika Yuda', NULL, '2023-06-24 00:54:58', 'qris', '2023-06-24 00:13:18', '2023-06-24 00:13:18', 33000, 0, NULL, 1, 0, '2023-06-24 00:13:18', NULL, NULL, '4', 1, 'selesai', 3000, 30000, NULL, NULL, NULL, NULL),
	(12, 1, 0, 1, 'INVC16875404361QI', '4', 'Andika Yuda', NULL, '2023-06-24 00:54:38', 'qris', '2023-06-24 00:13:56', '2023-06-24 00:13:56', 33000, 0, NULL, 1, 0, '2023-06-24 00:13:56', NULL, NULL, '5', 1, 'selesai', 3000, 30000, NULL, NULL, NULL, NULL),
	(13, 1, 0, 1, 'INVC16875404991IK', '5', 'Andika Yuda 12', NULL, '2023-06-24 00:30:05', 'cash', '2023-06-24 00:14:59', '2023-06-24 00:14:59', 33000, 0, NULL, 1, 0, '2023-06-24 00:14:59', NULL, NULL, '21', 1, 'selesai', 3000, 30000, NULL, NULL, NULL, NULL),
	(14, 1, 0, 1, 'INVC16875405351Q4', '6', 'Andika Yuda 43', NULL, '2023-06-24 00:18:48', 'qris', '2023-06-24 00:15:35', '2023-06-24 00:15:35', 33000, 0, NULL, 1, 0, '2023-06-24 00:15:35', NULL, NULL, '34', 1, 'selesai', 3000, 30000, NULL, NULL, NULL, NULL),
	(15, 1, 0, 1, 'INVC16875405841Q9', '7', 'Andika Yuda', NULL, '2023-06-24 00:17:23', 'qris', '2023-06-24 00:16:24', '2023-06-24 00:16:24', 145200, 0, NULL, 1, 0, '2023-06-24 00:16:24', NULL, NULL, '5', 1, 'selesai', 13200, 132000, NULL, NULL, NULL, NULL),
	(16, 1, 0, 1, 'INVC16875414781RP', '8', 'Testing', NULL, '2023-06-24 00:32:01', 'qris', '2023-06-24 00:31:18', '2023-06-24 00:31:18', 138600, 0, NULL, 1, 0, '2023-06-24 00:31:18', NULL, NULL, '34', 1, 'selesai', 12600, 126000, NULL, NULL, NULL, NULL),
	(17, 1, 0, 1, 'INVC16875431181JH', '9', 'Testing After Merge', NULL, '2023-06-24 12:24:48', 'qris', '2023-06-24 00:58:38', '2023-06-24 00:58:38', 118800, 0, NULL, 1, 0, '2023-06-24 00:58:38', NULL, NULL, '34', 1, 'selesai', 10800, 108000, NULL, NULL, NULL, NULL),
	(18, 1, 0, 1, 'INVC16875844281MV', '10', 'Steven', NULL, '2023-06-24 12:29:36', 'qris', '2023-06-24 12:27:08', '2023-06-24 12:27:08', 118800, 0, NULL, 1, 0, '2023-06-24 12:27:08', NULL, NULL, '12', 1, 'selesai', 10800, 108000, NULL, NULL, NULL, NULL),
	(19, 1, 0, 1, 'INVC16899366661LZ', '1', 'Andika Yuda', NULL, '2023-07-25 14:56:52', 'qris', '2023-07-21 17:51:06', '2023-07-21 17:51:06', 6600, 0, NULL, 1, 0, '2023-07-21 17:51:06', NULL, NULL, '5', 1, 'selesai', 600, 6000, NULL, NULL, NULL, NULL),
	(20, 2, 0, 1, 'INVC16899370181ME', '2', 'Andika Yuda', NULL, '2023-07-24 18:03:07', 'qris', '2023-07-21 17:56:58', '2023-07-21 17:56:58', 6600, 0, NULL, 1, 0, '2023-07-21 17:56:58', NULL, NULL, '09', 1, 'selesai', 600, 6000, NULL, NULL, NULL, NULL),
	(21, 2, 0, 1, 'INVC16899371261AQ', '3', 'Andika', NULL, '2023-07-21 18:04:10', 'qris', '2023-07-21 17:58:46', '2023-07-21 17:58:46', 6600, 0, NULL, 1, 0, '2023-07-21 17:58:46', NULL, NULL, '6', 1, 'selesai', 600, 6000, NULL, NULL, NULL, NULL),
	(22, 2, 0, 1, 'INVC16899372831IM', '4', 'Andika', NULL, '2023-07-21 18:02:57', 'ovo', '2023-07-21 18:01:23', '2023-07-21 18:01:23', 6600, 0, NULL, 1, 0, '2023-07-21 18:01:23', NULL, NULL, '4', 1, 'selesai', 600, 6000, NULL, NULL, NULL, NULL),
	(23, 2, 0, 1, 'INVC16899373311YB', '5', 'Andika Yuda', NULL, '2023-07-21 18:03:33', 'ovo', '2023-07-21 18:02:11', '2023-07-21 18:02:11', 6600, 0, NULL, 1, 0, '2023-07-21 18:02:11', NULL, NULL, '78', 1, 'selesai', 600, 6000, NULL, NULL, NULL, NULL),
	(24, 2, 0, 1, 'INVC16901981311XY', '1', 'Andika Yuda', NULL, '2023-07-25 14:56:22', 'qris', '2023-07-24 18:28:51', '2023-07-24 18:28:51', 46200, 0, NULL, 1, 0, '2023-07-24 18:28:51', NULL, NULL, '89', 1, 'selesai', 4200, 42000, NULL, NULL, NULL, NULL),
	(25, 2, 0, 1, 'INVC16901982691NB', '2', 'Admin', NULL, '2023-07-25 14:55:40', 'qris', '2023-07-24 18:31:09', '2023-07-24 18:31:09', 132000, 0, NULL, 1, 0, '2023-07-24 18:31:09', NULL, NULL, '4', 1, 'selesai', 12000, 120000, NULL, NULL, NULL, NULL),
	(26, 2, 0, 1, 'INVC16901983501LJ', '3', 'Andika', NULL, '2023-07-25 12:33:14', 'qris', '2023-07-24 18:32:30', '2023-07-24 18:32:30', 46200, 0, NULL, 1, 0, '2023-07-24 18:32:30', NULL, NULL, '7', 1, 'selesai', 4200, 42000, NULL, NULL, NULL, NULL),
	(27, 2, 0, 1, 'INVC16901984611XI', '4', 'Admin', NULL, '2023-07-24 21:08:22', 'qris', '2023-07-24 18:34:21', '2023-07-24 18:34:21', 39600, 0, NULL, 1, 0, '2023-07-24 18:34:21', NULL, NULL, '66', 1, 'selesai', 3600, 36000, NULL, NULL, NULL, NULL),
	(28, 2, 0, 1, 'INVC16901985341CY', '5', 'Andika', NULL, '2023-07-25 14:45:57', 'qris', '2023-07-24 18:35:34', '2023-07-24 18:35:34', 145200, 0, NULL, 1, 0, '2023-07-24 18:35:34', NULL, NULL, '12', 1, 'selesai', 13200, 132000, NULL, NULL, NULL, NULL),
	(29, 1, 0, 1, 'INVC169026469213V', '1', 'Testing note', NULL, '2023-07-25 14:45:27', 'qris', '2023-07-25 12:58:12', '2023-07-25 12:58:12', 46200, 0, NULL, 1, 0, '2023-07-25 12:58:12', NULL, NULL, '8', 1, 'selesai', 4200, 42000, NULL, NULL, NULL, NULL),
	(30, 2, 0, 1, 'INVC16902649991DU', '2', 'Andika Yuda', NULL, '2023-07-25 14:44:30', 'qris', '2023-07-25 13:03:19', '2023-07-25 13:03:19', 39600, 0, NULL, 1, 0, '2023-07-25 13:03:19', NULL, NULL, '5', 1, 'selesai', 3600, 36000, NULL, NULL, NULL, NULL),
	(31, 2, 0, 1, 'INVC16902651291DV', '3', 'TEsting Notes ya', NULL, '2023-07-25 14:42:45', 'qris', '2023-07-25 13:05:29', '2023-07-25 13:05:29', 39600, 0, NULL, 1, 0, '2023-07-25 13:05:29', NULL, NULL, '23', 1, 'selesai', 3600, 36000, NULL, NULL, NULL, NULL),
	(32, 2, 0, 1, 'INVC16902652961L9', '4', 'Testing note lagi', NULL, '2023-07-25 13:53:46', 'qris', '2023-07-25 13:08:16', '2023-07-25 13:08:16', 39600, 0, NULL, 1, 0, '2023-07-25 13:08:16', NULL, NULL, '43', 1, 'selesai', 3600, 36000, NULL, NULL, NULL, NULL),
	(33, 1, 0, 1, 'INVC16903579711RZ', '1', 'Andika', NULL, '2023-07-26 14:55:57', 'qris', '2023-07-26 14:52:51', '2023-07-26 14:52:51', 39600, 0, NULL, 1, 0, '2023-07-26 14:52:51', NULL, NULL, '10', 1, 'selesai', 3600, 36000, NULL, NULL, NULL, NULL),
	(34, 1, 0, 1, 'INVC1690358615138', '2', 'Andika', NULL, '2023-07-26 15:03:58', 'qris', '2023-07-26 15:03:35', '2023-07-26 15:03:35', 118800, 0, NULL, 1, 0, '2023-07-26 15:03:35', NULL, NULL, '34', 1, 'selesai', 10800, 108000, NULL, NULL, NULL, NULL),
	(35, 1, 0, 1, 'INVC16903588361TU', '3', 'Andika Yuda', NULL, '2023-07-26 15:47:10', 'qris', '2023-07-26 15:07:16', '2023-07-26 15:07:16', 0, 0, NULL, 1, 0, '2023-07-26 15:07:16', '2023-07-26 15:47:06', NULL, '54', 1, 'selesai', 0, 0, NULL, NULL, NULL, NULL),
	(36, 1, 0, 1, 'INVC16903591081ET', '4', 'Putri', NULL, '2023-07-26 16:01:23', 'qris', '2023-07-26 15:11:48', '2023-07-26 15:11:48', 66000, 0, NULL, 1, 0, '2023-07-26 15:11:48', NULL, NULL, '10', 1, 'selesai', 6000, 60000, NULL, NULL, NULL, NULL),
	(37, 1, 0, 1, 'INVC16903621101CS', '5', 'Andika Yuda', NULL, '2023-07-26 16:17:37', 'qris', '2023-07-26 16:01:50', '2023-07-26 16:01:50', 19800, 0, NULL, 1, 0, '2023-07-26 16:01:50', NULL, NULL, '1', 1, 'selesai', 1800, 18000, NULL, NULL, NULL, NULL),
	(38, 1, 0, 1, 'INVC169036212610B', '6', 'Putra', NULL, '2023-07-26 16:17:37', 'qris', '2023-07-26 16:02:06', '2023-07-26 16:02:06', 99000, 0, NULL, 1, 0, '2023-07-26 16:02:06', NULL, NULL, '1', 1, 'selesai', 9000, 90000, NULL, NULL, NULL, NULL),
	(39, 1, 0, 1, 'INVC16903631591XB', '7', 'Andika Yuda', NULL, '2023-07-26 16:19:28', 'qris', '2023-07-26 16:19:19', '2023-07-26 16:19:19', 6600, 0, NULL, 1, 0, '2023-07-26 16:19:19', NULL, NULL, '3', 1, 'selesai', 600, 6000, NULL, NULL, NULL, NULL),
	(40, 1, 0, 1, 'INVC16903633471OC', '8', 'Andika Yuda', NULL, '2023-07-26 16:23:05', 'qris', '2023-07-26 16:22:27', '2023-07-26 16:22:27', 151800, 0, NULL, 1, 0, '2023-07-26 16:22:27', NULL, NULL, '54', 1, 'selesai', 13800, 138000, NULL, NULL, NULL, NULL),
	(41, 1, 0, 1, 'INVC169036355717M', '9', 'Andika Yuda', NULL, '2023-07-26 16:26:38', 'ovo', '2023-07-26 16:25:57', '2023-07-26 16:25:57', 13200, 0, NULL, 1, 0, '2023-07-26 16:25:57', NULL, NULL, '67', 1, 'selesai', 1200, 12000, NULL, NULL, NULL, NULL),
	(42, 1, 0, 1, 'INVC16903635731NJ', '10', 'Andika Yuda', NULL, '2023-07-26 16:26:38', 'ovo', '2023-07-26 16:26:13', '2023-07-26 16:26:13', 66000, 0, NULL, 1, 0, '2023-07-26 16:26:13', NULL, NULL, '67', 1, 'selesai', 6000, 60000, NULL, NULL, NULL, NULL),
	(43, 1, 0, 1, 'INVC16903638061RM', '11', 'Andika Yuda', NULL, '2023-07-26 16:30:27', 'ovo', '2023-07-26 16:30:06', '2023-07-26 16:30:06', 66000, 0, NULL, 1, 0, '2023-07-26 16:30:06', NULL, NULL, '4', 1, 'selesai', 6000, 60000, NULL, NULL, NULL, NULL),
	(44, 1, 0, 1, 'INVC16903640771HN', '12', 'Andika Yuda', NULL, '2023-07-26 16:35:20', 'qris', '2023-07-26 16:34:37', '2023-07-26 16:34:37', 85800, 0, NULL, 1, 0, '2023-07-26 16:34:37', NULL, NULL, '34', 1, 'selesai', 7800, 78000, NULL, NULL, NULL, NULL),
	(45, 1, 0, 1, 'INVC16903643611EB', '13', 'Admin', NULL, '2023-07-26 16:39:32', 'qris', '2023-07-26 16:39:21', '2023-07-26 16:39:21', 19800, 0, NULL, 1, 0, '2023-07-26 16:39:21', NULL, NULL, '3', 1, 'selesai', 1800, 18000, NULL, NULL, NULL, NULL),
	(46, 1, 0, 1, 'INVC169036742719O', '14', 'Andika Yuda', 'Dine In', NULL, NULL, '2023-07-26 17:30:27', '2023-07-26 17:30:27', 6600, NULL, NULL, 1, 0, '2023-07-26 17:30:27', NULL, NULL, '5', 0, 'diterima', 600, 6000, NULL, NULL, NULL, NULL),
	(47, 1, 0, 1, 'INVC16903675521FU', '15', 'Andika', 'Take Away', NULL, NULL, '2023-07-26 17:32:32', '2023-07-26 17:32:32', 6600, NULL, NULL, 1, 0, '2023-07-26 17:32:32', NULL, NULL, NULL, 0, 'diterima', 600, 6000, NULL, NULL, NULL, NULL),
	(48, 1, 0, 1, 'INVC16903676651P1', '16', 'Dimas', 'Take Away', NULL, NULL, '2023-07-26 17:34:25', '2023-07-26 17:34:25', 66000, NULL, NULL, 1, 0, '2023-07-26 17:34:25', NULL, NULL, NULL, 0, 'diterima', 6000, 60000, NULL, NULL, NULL, NULL),
	(49, 1, 0, 1, 'INVC16903677391L8', '17', 'Andika Yuda', 'Take Away', NULL, NULL, '2023-07-26 17:35:39', '2023-07-26 17:35:39', 33000, NULL, NULL, 1, 0, '2023-07-26 17:35:39', NULL, NULL, NULL, 0, 'diterima', 3000, 30000, NULL, NULL, NULL, NULL),
	(50, 1, 0, 1, 'INVC16903678071SF', '18', 'Admin', 'Take Away', NULL, NULL, '2023-07-26 17:36:47', '2023-07-26 17:36:47', 19800, NULL, NULL, 1, 0, '2023-07-26 17:36:47', NULL, NULL, '3', 0, 'diterima', 1800, 18000, NULL, NULL, NULL, NULL),
	(51, 2, 0, 1, 'INVC16903802181EB', '19', 'Yuda', 'Dine In', NULL, NULL, '2023-07-26 21:03:38', '2023-07-26 21:03:38', 19800, NULL, NULL, 1, 0, '2023-07-26 21:03:38', NULL, NULL, '2', 0, 'diterima', 1800, 18000, NULL, NULL, NULL, NULL),
	(52, 2, 0, 1, 'INVC169038031513B', '20', 'Andika Yuda', 'Dine In', NULL, NULL, '2023-07-26 21:05:15', '2023-07-26 21:05:15', 19800, NULL, NULL, 1, 0, '2023-07-26 21:05:15', NULL, NULL, '4', 0, 'diterima', 1800, 18000, NULL, NULL, NULL, NULL),
	(53, 2, 0, 1, 'INVC16903810001QA', '21', 'Andika Yuda', 'Dine In', NULL, NULL, '2023-07-26 21:16:40', '2023-07-26 21:16:40', 79200, NULL, NULL, 1, 0, '2023-07-26 21:16:40', NULL, NULL, '6', 0, 'diterima', 7200, 72000, NULL, NULL, NULL, NULL),
	(54, 2, 0, 1, 'INVC16903810351EA', '22', 'Andika Yuda', 'Dine In', NULL, NULL, '2023-07-26 21:17:15', '2023-07-26 21:17:15', 79200, NULL, NULL, 1, 0, '2023-07-26 21:17:15', NULL, NULL, '90', 0, 'diterima', 7200, 72000, NULL, NULL, NULL, NULL),
	(55, 2, 0, 1, 'INVC16903815561I2', '23', 'Andika Yuda', 'Take Away', NULL, NULL, '2023-07-26 21:25:56', '2023-07-26 21:25:56', 39600, NULL, NULL, 1, 0, '2023-07-26 21:25:56', NULL, NULL, '6', 0, 'diterima', 3600, 36000, NULL, NULL, NULL, NULL),
	(56, 2, 0, 1, 'INVC16903816521QC', '24', 'Ubed', 'Take Away', NULL, NULL, '2023-07-26 21:27:32', '2023-07-26 21:27:32', 79200, NULL, NULL, 1, 0, '2023-07-26 21:27:32', NULL, NULL, '23', 0, 'diterima', 7200, 72000, NULL, NULL, NULL, NULL),
	(57, 2, 0, 1, 'INVC16903817521VE', '25', 'UBed', 'Dine In', NULL, NULL, '2023-07-26 21:29:12', '2023-07-26 21:29:12', 19800, NULL, NULL, 1, 0, '2023-07-26 21:29:12', NULL, NULL, '3', 0, 'diterima', 1800, 18000, NULL, NULL, NULL, NULL),
	(58, 2, 0, 1, 'INVC16903818311HZ', '26', 'ubed', 'Dine In', '2023-07-27 10:21:36', 'qris', '2023-07-26 21:30:31', '2023-07-26 21:30:31', 13200, 0, NULL, 1, 0, '2023-07-26 21:30:31', NULL, NULL, '90', 1, 'selesai', 1200, 12000, NULL, NULL, NULL, NULL),
	(59, 1, 0, 1, 'INVC16903823541LF', '27', 'Ubed', 'Take Away', NULL, NULL, '2023-07-26 21:39:14', '2023-07-26 21:39:14', 102300, NULL, NULL, 1, 0, '2023-07-26 21:39:14', NULL, NULL, NULL, 0, 'diterima', 9300, 93000, NULL, NULL, NULL, NULL),
	(60, 2, 0, 1, 'INVC16903824641U6', '28', 'Andika Yuda', 'Dine In', '2023-07-27 08:57:22', 'qris', '2023-07-26 21:41:04', '2023-07-26 21:41:04', 99000, 0, NULL, 1, 0, '2023-07-26 21:41:04', NULL, NULL, '6', 1, 'selesai', 9000, 90000, NULL, NULL, NULL, NULL),
	(61, 1, 0, 1, 'INVC16904418941S5', '1', 'Andika Yuda', 'Dine In', NULL, NULL, '2023-07-27 14:11:34', '2023-07-27 14:11:34', 39600, NULL, NULL, 1, 0, '2023-07-27 14:11:34', NULL, NULL, '7', 0, 'diterima', 3600, 36000, NULL, NULL, NULL, NULL);

-- Dumping data for table pos_sistem.invoice_outlets: ~89 rows (approximately)
INSERT INTO `invoice_outlets` (`id`, `invoice_id`, `outlet_id`, `order_status`, `created_at`, `updated_at`, `invoice_pdf`, `is_printed`) VALUES
	(1, 1, 1, 'selesai', '2023-04-16 23:54:24', '2023-06-23 16:11:01', '/storage/invoices/QePXLlJSHuZWY7kj7JRS.pdf', 1),
	(2, 1, 2, 'selesai', '2023-04-16 23:54:24', '2023-06-23 16:11:01', '/storage/invoices/qJN6SNeZQb3kenyjhujs.pdf', 1),
	(3, 2, 1, 'selesai', '2023-04-17 00:00:28', '2023-06-23 16:07:33', '/storage/invoices/eWbDAiBN9eMzXHoOd1bg.pdf', 1),
	(4, 2, 2, 'selesai', '2023-04-17 00:00:28', '2023-06-23 16:07:33', '/storage/invoices/n8RoJ7f7YOMqI7XRgGuv.pdf', 1),
	(5, 3, 1, 'selesai', '2023-04-17 00:08:26', '2023-06-23 16:04:23', '/storage/invoices/GGITRxGxCH5B572TQKbb.pdf', 1),
	(6, 3, 2, 'selesai', '2023-04-17 00:08:26', '2023-06-23 16:04:23', '/storage/invoices/H4eFznWnW0iS68MAkbnM.pdf', 1),
	(7, 4, 1, 'selesai', '2023-06-23 16:24:12', '2023-06-23 16:24:40', '/storage/invoices/DF86AhNIGXZvzkIuJ0tb.pdf', 1),
	(8, 5, 2, 'selesai', '2023-06-23 19:03:47', '2023-06-23 22:22:09', '/storage/invoices/mU1XSzXsnmIXid3mBUaW.pdf', 1),
	(9, 6, 1, 'selesai', '2023-06-23 23:41:13', '2023-06-23 23:43:12', '/storage/invoices/tVEexZ82EtCVvIuHk8gH.pdf', 1),
	(10, 6, 2, 'selesai', '2023-06-23 23:41:13', '2023-06-23 23:43:12', '/storage/invoices/JTyEENVj13fMr53hkDje.pdf', 1),
	(11, 7, 1, 'selesai', '2023-06-23 23:46:42', '2023-06-23 23:52:41', '/storage/invoices/kr4fYTfSI3HSqmpkPp5x.pdf', 1),
	(12, 7, 2, 'selesai', '2023-06-23 23:46:42', '2023-06-23 23:52:41', '/storage/invoices/1pTInu9YFHRmkxvbVVpV.pdf', 1),
	(13, 8, 1, 'selesai', '2023-06-23 23:54:50', '2023-06-24 00:01:26', '/storage/invoices/BHTnDeL7Kat50H5s0okz.pdf', 1),
	(14, 8, 2, 'selesai', '2023-06-23 23:54:50', '2023-06-24 00:01:26', '/storage/invoices/p412xhQEJK4Xgcw9V0se.pdf', 1),
	(15, 9, 1, 'selesai', '2023-06-24 00:02:42', '2023-06-24 00:30:32', '/storage/invoices/LtDCd3MBwG1AHfAItSuT.pdf', 1),
	(16, 9, 2, 'selesai', '2023-06-24 00:02:42', '2023-06-24 00:30:32', '/storage/invoices/v0bnC2Zln6nLRrA2X71m.pdf', 1),
	(17, 10, 2, 'selesai', '2023-06-24 00:12:04', '2023-06-24 00:57:13', NULL, 0),
	(18, 11, 2, 'selesai', '2023-06-24 00:13:18', '2023-06-24 00:54:58', NULL, 0),
	(19, 12, 2, 'selesai', '2023-06-24 00:13:56', '2023-06-24 00:54:38', NULL, 0),
	(20, 13, 2, 'selesai', '2023-06-24 00:14:59', '2023-06-24 00:30:05', NULL, 0),
	(21, 14, 2, 'selesai', '2023-06-24 00:15:35', '2023-06-24 00:18:48', '/storage/invoices/CwzIkjbwsCrUKQNOeSED.pdf', 1),
	(22, 15, 1, 'selesai', '2023-06-24 00:16:24', '2023-06-24 00:17:23', '/storage/invoices/jK4Rm6jvJIHjL7N6PsLb.pdf', 1),
	(23, 15, 2, 'selesai', '2023-06-24 00:16:24', '2023-06-24 00:17:23', '/storage/invoices/vtqU50k2A9AMUejHUkOJ.pdf', 1),
	(24, 16, 1, 'selesai', '2023-06-24 00:31:18', '2023-06-24 00:32:01', '/storage/invoices/Be9yw1XNElrLpbo49XZM.pdf', 1),
	(25, 16, 2, 'selesai', '2023-06-24 00:31:18', '2023-06-24 00:32:01', '/storage/invoices/S7sC0cS2o6HW9jPxKpJU.pdf', 1),
	(26, 17, 1, 'selesai', '2023-06-24 00:58:38', '2023-06-24 12:24:48', '/storage/invoices/w3hx5lqdMeV4awjTqfcd.pdf', 1),
	(27, 17, 2, 'selesai', '2023-06-24 00:58:38', '2023-06-24 12:24:48', '/storage/invoices/a0NdDRBASrxcNuL6hlpm.pdf', 1),
	(28, 18, 1, 'selesai', '2023-06-24 12:27:09', '2023-06-24 12:29:36', '/storage/invoices/nGKQyClWpV9A3TmoXKgq.pdf', 1),
	(29, 18, 2, 'selesai', '2023-06-24 12:27:09', '2023-06-24 12:29:36', '/storage/invoices/PpdK4d39ldsLlDw4UhZV.pdf', 1),
	(30, 19, 1, 'selesai', '2023-07-21 17:51:06', '2023-07-25 14:56:52', '/storage/invoices/WhXCJ9XeL5MCWH0R2AZq.pdf', 1),
	(31, 20, 1, 'selesai', '2023-07-21 17:56:58', '2023-07-24 18:03:07', '/storage/invoices/gFkXD7PyVv6mIrZ1NzPK.pdf', 1),
	(32, 21, 1, 'selesai', '2023-07-21 17:58:47', '2023-07-21 18:04:10', '/storage/invoices/8jsRhAv0uDs5Tnx2x5ow.pdf', 1),
	(33, 22, 1, 'selesai', '2023-07-21 18:01:23', '2023-07-21 18:02:57', '/storage/invoices/CMeuSYtKHYkPSE5hHrr2.pdf', 1),
	(34, 23, 1, 'selesai', '2023-07-21 18:02:11', '2023-07-21 18:03:33', '/storage/invoices/CA9tDctQ91HiA3DzCod9.pdf', 1),
	(35, 24, 1, 'selesai', '2023-07-24 18:28:51', '2023-07-25 14:56:22', '/storage/invoices/Pdye9UZzbc7RE7FME9Kc.pdf', 1),
	(36, 24, 2, 'selesai', '2023-07-24 18:28:51', '2023-07-25 14:56:22', '/storage/invoices/19xUhWvKwP7VQ8kdsTKS.pdf', 1),
	(37, 25, 2, 'selesai', '2023-07-24 18:31:09', '2023-07-25 14:55:40', '/storage/invoices/PBqhq3fJKjrGm7tf0c9n.pdf', 1),
	(38, 26, 1, 'selesai', '2023-07-24 18:32:30', '2023-07-25 12:33:14', '/storage/invoices/AJE4s1GbujjxkDTPx9dc.pdf', 1),
	(39, 26, 2, 'selesai', '2023-07-24 18:32:30', '2023-07-25 12:33:14', '/storage/invoices/5Up9UKYkEQ9pdqLtPiPc.pdf', 1),
	(40, 27, 1, 'selesai', '2023-07-24 18:34:21', '2023-07-24 21:08:22', '/storage/invoices/SJZNojYVM6QpjwGR4XUy.pdf', 1),
	(41, 27, 2, 'selesai', '2023-07-24 18:34:21', '2023-07-24 21:08:22', '/storage/invoices/kxFzPdbxvkK6JTXqq3AH.pdf', 1),
	(42, 28, 1, 'selesai', '2023-07-24 18:35:34', '2023-07-25 14:45:57', '/storage/invoices/4Dsc7aWdLi2T6ujEayQA.pdf', 1),
	(43, 28, 2, 'selesai', '2023-07-24 18:35:34', '2023-07-25 14:45:57', '/storage/invoices/JPMHEIosuzcH60YOvmL0.pdf', 1),
	(44, 29, 1, 'selesai', '2023-07-25 12:58:12', '2023-07-25 14:45:27', '/storage/invoices/hfnRMieZgQ7WYgc1kgaS.pdf', 1),
	(45, 29, 2, 'selesai', '2023-07-25 12:58:12', '2023-07-25 14:45:27', '/storage/invoices/i2KJPC09Nl9gabaormAb.pdf', 1),
	(46, 30, 1, 'selesai', '2023-07-25 13:03:19', '2023-07-25 14:44:30', NULL, 0),
	(47, 30, 2, 'selesai', '2023-07-25 13:03:19', '2023-07-25 14:44:30', NULL, 0),
	(48, 31, 1, 'selesai', '2023-07-25 13:05:29', '2023-07-25 14:42:45', NULL, 0),
	(49, 31, 2, 'selesai', '2023-07-25 13:05:29', '2023-07-25 14:42:45', NULL, 0),
	(50, 32, 1, 'selesai', '2023-07-25 13:08:16', '2023-07-25 13:53:46', '/storage/invoices/9TDSM4xfoinDsoyYgPvz.pdf', 1),
	(51, 32, 2, 'selesai', '2023-07-25 13:08:16', '2023-07-25 13:53:46', '/storage/invoices/iLg8eKBJord6cyRymPpE.pdf', 1),
	(52, 33, 1, 'selesai', '2023-07-26 14:52:51', '2023-07-26 21:00:50', '/storage/invoices/Tqjh6GWHcSqNyDd3qjyi.pdf', 1),
	(53, 33, 2, 'selesai', '2023-07-26 14:52:51', '2023-07-26 21:00:56', '/storage/invoices/xXhPTiCL8kNZSNd8e3ox.pdf', 1),
	(54, 34, 1, 'selesai', '2023-07-26 15:03:35', '2023-07-26 21:01:02', '/storage/invoices/23YOml74FOvTJKIx0s5Y.pdf', 1),
	(55, 34, 2, 'selesai', '2023-07-26 15:03:35', '2023-07-26 21:01:09', '/storage/invoices/w943osAhKXm84u7mzJoV.pdf', 1),
	(56, 35, 1, 'selesai', '2023-07-26 15:07:16', '2023-07-26 21:01:14', '/storage/invoices/uiLgCDkyWcr7Gg6feq5y.pdf', 1),
	(57, 36, 2, 'selesai', '2023-07-26 15:11:48', '2023-07-26 21:01:20', '/storage/invoices/3CIuZZCjfWx6GUh80X8j.pdf', 1),
	(58, 37, 1, 'diterima', '2023-07-26 16:01:50', '2023-07-26 21:01:26', '/storage/invoices/ty6FvnUNpWxU5XwrOYnK.pdf', 1),
	(59, 38, 2, 'diterima', '2023-07-26 16:02:06', '2023-07-26 21:01:32', '/storage/invoices/m98CP67nVV239FGpge2T.pdf', 1),
	(60, 39, 1, 'diterima', '2023-07-26 16:19:19', '2023-07-26 21:01:38', '/storage/invoices/seSzbbye0ovyBzo4gWkQ.pdf', 1),
	(61, 40, 1, 'diterima', '2023-07-26 16:22:27', '2023-07-26 21:01:44', '/storage/invoices/GzOlxPNKaoXjnEoLKumd.pdf', 1),
	(62, 40, 2, 'diterima', '2023-07-26 16:22:28', '2023-07-26 21:01:50', '/storage/invoices/gKxexTl2XZImtHF9XPBj.pdf', 1),
	(63, 41, 1, 'diterima', '2023-07-26 16:25:57', '2023-07-26 21:01:56', '/storage/invoices/zSP8VCiCtQACRF7TfvZa.pdf', 1),
	(64, 42, 2, 'diterima', '2023-07-26 16:26:13', '2023-07-26 21:02:02', '/storage/invoices/nxvaqhwVPQK6J2IcGVxD.pdf', 1),
	(65, 43, 2, 'diterima', '2023-07-26 16:30:06', '2023-07-26 21:02:08', '/storage/invoices/RAXLWaa3fzprJoql82ue.pdf', 1),
	(66, 44, 1, 'diterima', '2023-07-26 16:34:38', '2023-07-26 21:02:15', '/storage/invoices/ZseicOoVn5ueG8DFoXXj.pdf', 1),
	(67, 44, 2, 'diterima', '2023-07-26 16:34:38', '2023-07-26 21:02:20', '/storage/invoices/CWpRK0GDoHLIo2Vow6Kl.pdf', 1),
	(68, 45, 1, 'diterima', '2023-07-26 16:39:21', '2023-07-26 21:02:26', '/storage/invoices/HKpKMeZq2kN0PhVTeHgF.pdf', 1),
	(69, 46, 1, 'diterima', '2023-07-26 17:30:27', '2023-07-26 21:02:32', '/storage/invoices/HgaTIjgWoUuE18laA9vF.pdf', 1),
	(70, 47, 1, 'diterima', '2023-07-26 17:32:32', '2023-07-26 21:02:38', '/storage/invoices/sk2djMIajRWkvlFhPeTR.pdf', 1),
	(71, 48, 2, 'diterima', '2023-07-26 17:34:25', '2023-07-26 21:02:45', '/storage/invoices/BR9UR45RdDhyu17YfFg0.pdf', 1),
	(72, 49, 2, 'diterima', '2023-07-26 17:35:39', '2023-07-26 21:02:51', '/storage/invoices/oVGCs6d3pIhlEdmhUSvS.pdf', 1),
	(73, 50, 1, 'diterima', '2023-07-26 17:36:47', '2023-07-26 21:02:57', '/storage/invoices/CmRvqKZ0qH1JuRJOyHtJ.pdf', 1),
	(74, 51, 1, 'diterima', '2023-07-26 21:03:38', NULL, NULL, 0),
	(75, 52, 1, 'diterima', '2023-07-26 21:05:15', '2023-07-26 21:05:24', '/storage/invoices/ui0M92jEs1ouN1LfTrPK.pdf', 1),
	(76, 53, 2, 'diterima', '2023-07-26 21:16:40', NULL, NULL, 0),
	(77, 53, 1, 'diterima', '2023-07-26 21:16:40', NULL, NULL, 0),
	(78, 54, 2, 'diterima', '2023-07-26 21:17:15', '2023-07-26 21:17:24', '/storage/invoices/RC2qSZ6GwHb1sl1OGqEf.pdf', 1),
	(79, 54, 1, 'diterima', '2023-07-26 21:17:15', '2023-07-26 21:17:30', '/storage/invoices/1qkNj0kKGiP8n9ULgNdq.pdf', 1),
	(80, 55, 2, 'diterima', '2023-07-26 21:25:56', '2023-07-26 21:26:05', '/storage/invoices/mg0K04XLrWh6yCnLWOV3.pdf', 1),
	(81, 55, 1, 'diterima', '2023-07-26 21:25:56', '2023-07-26 21:26:11', '/storage/invoices/7FloGStV9UMZUe6uVQRH.pdf', 1),
	(82, 56, 1, 'diterima', '2023-07-26 21:27:33', '2023-07-26 21:27:41', '/storage/invoices/eamePx40CICBSWIgLXFU.pdf', 1),
	(83, 56, 2, 'diterima', '2023-07-26 21:27:33', '2023-07-26 21:27:47', '/storage/invoices/LFx8uCGfZYwGl0qvbjQu.pdf', 1),
	(84, 57, 1, 'diterima', '2023-07-26 21:29:12', '2023-07-26 21:29:23', '/storage/invoices/fbyVaS3NPAjV2CIq39If.pdf', 1),
	(85, 58, 1, 'selesai', '2023-07-26 21:30:32', '2023-07-27 10:21:36', '/storage/invoices/6OUpvNkLXm1W7LD1IPYc.pdf', 1),
	(86, 59, 2, 'diterima', '2023-07-26 21:39:14', '2023-07-26 21:39:36', '/storage/invoices/7R1unoM6Sos6IeJo6W8t.pdf', 1),
	(87, 60, 2, 'selesai', '2023-07-26 21:41:04', '2023-07-27 08:57:22', '/storage/invoices/kFVWhOBcuy3PGilvrJCQ.pdf', 1),
	(88, 61, 1, 'diterima', '2023-07-27 14:11:34', '2023-07-27 14:11:36', '/storage/invoices/LCjnWmC6N4zpNKykeqBt.pdf', 0),
	(89, 61, 2, 'diterima', '2023-07-27 14:11:34', '2023-07-27 14:11:37', '/storage/invoices/sSHOdshMzrQ4sH7BQ0uA.pdf', 0);

-- Dumping data for table pos_sistem.invoice_products: ~109 rows (approximately)
INSERT INTO `invoice_products` (`id`, `invoice_id`, `active_product_id`, `qty`, `notes`, `created_at`, `updated_at`, `deleted_at`, `price`) VALUES
	(1, 1, 1, 1, 'kosong', '2023-04-16 23:54:24', NULL, NULL, 6000),
	(2, 1, 2, 1, 'kosong', '2023-04-16 23:54:24', NULL, NULL, 30000),
	(3, 2, 1, 1, 'kosong', '2023-04-17 00:00:28', NULL, NULL, 6000),
	(4, 2, 1, 1, 'kosong', '2023-04-17 00:00:28', NULL, NULL, 6000),
	(5, 2, 2, 2, 'kosong', '2023-04-17 00:00:28', NULL, NULL, 30000),
	(6, 3, 1, 3, 'kosong', '2023-04-17 00:08:26', NULL, NULL, 6000),
	(7, 3, 2, 3, 'kosong', '2023-04-17 00:08:26', NULL, NULL, 30000),
	(8, 4, 1, 4, 'kosong', '2023-06-23 16:24:12', NULL, NULL, 6000),
	(9, 5, 2, 2, 'kosong', '2023-06-23 19:03:47', NULL, NULL, 30000),
	(10, 6, 1, 4, 'kosong', '2023-06-23 23:41:13', NULL, NULL, 6000),
	(11, 6, 2, 1, 'kosong', '2023-06-23 23:41:13', NULL, NULL, 30000),
	(12, 7, 1, 1, 'kosong', '2023-06-23 23:46:42', NULL, NULL, 6000),
	(13, 7, 1, 1, 'kosong', '2023-06-23 23:46:42', NULL, NULL, 6000),
	(14, 7, 2, 1, 'kosong', '2023-06-23 23:46:42', NULL, NULL, 30000),
	(15, 8, 1, 2, 'kosong', '2023-06-23 23:54:50', NULL, NULL, 6000),
	(16, 8, 2, 16, 'kosong', '2023-06-23 23:54:50', NULL, NULL, 30000),
	(17, 9, 1, 1, 'kosong', '2023-06-24 00:02:42', NULL, NULL, 6000),
	(18, 9, 2, 1, 'kosong', '2023-06-24 00:02:42', NULL, NULL, 30000),
	(19, 10, 2, 1, 'kosong', '2023-06-24 00:12:04', NULL, NULL, 30000),
	(20, 11, 2, 1, 'kosong', '2023-06-24 00:13:18', NULL, NULL, 30000),
	(21, 12, 2, 1, 'kosong', '2023-06-24 00:13:56', NULL, NULL, 30000),
	(22, 13, 2, 1, 'kosong', '2023-06-24 00:14:59', NULL, NULL, 30000),
	(23, 14, 2, 1, 'kosong', '2023-06-24 00:15:35', NULL, NULL, 30000),
	(24, 15, 1, 2, 'kosong', '2023-06-24 00:16:24', NULL, NULL, 6000),
	(25, 15, 2, 1, 'kosong', '2023-06-24 00:16:24', NULL, NULL, 30000),
	(26, 15, 2, 1, 'kosong', '2023-06-24 00:16:24', NULL, NULL, 30000),
	(27, 15, 2, 2, 'kosong', '2023-06-24 00:16:24', NULL, NULL, 30000),
	(28, 16, 1, 1, 'kosong', '2023-06-24 00:31:18', NULL, NULL, 6000),
	(29, 16, 2, 1, 'kosong', '2023-06-24 00:31:18', NULL, NULL, 30000),
	(30, 16, 2, 3, 'kosong', '2023-06-24 00:31:18', NULL, NULL, 30000),
	(31, 17, 1, 1, 'kosong', '2023-06-24 00:58:38', NULL, NULL, 6000),
	(32, 17, 1, 2, 'kosong', '2023-06-24 00:58:38', NULL, NULL, 6000),
	(33, 17, 2, 1, 'kosong', '2023-06-24 00:58:38', NULL, NULL, 30000),
	(34, 17, 2, 2, 'kosong', '2023-06-24 00:58:38', NULL, NULL, 30000),
	(35, 18, 1, 3, 'kosong', '2023-06-24 12:27:09', NULL, NULL, 6000),
	(36, 18, 2, 3, 'kosong', '2023-06-24 12:27:09', NULL, NULL, 30000),
	(37, 19, 1, 1, 'kosong', '2023-07-21 17:51:06', NULL, NULL, 6000),
	(38, 20, 1, 1, 'kosong', '2023-07-21 17:56:58', NULL, NULL, 6000),
	(39, 21, 1, 1, 'kosong', '2023-07-21 17:58:47', NULL, NULL, 6000),
	(40, 22, 1, 1, 'kosong', '2023-07-21 18:01:23', NULL, NULL, 6000),
	(41, 23, 1, 1, 'kosong', '2023-07-21 18:02:11', NULL, NULL, 6000),
	(42, 24, 1, 2, 'kosong', '2023-07-24 18:28:51', NULL, NULL, 6000),
	(43, 24, 2, 1, 'kosong', '2023-07-24 18:28:51', NULL, NULL, 30000),
	(44, 25, 2, 4, 'kosong', '2023-07-24 18:31:09', NULL, NULL, 30000),
	(45, 26, 1, 2, 'kosong', '2023-07-24 18:32:30', NULL, NULL, 6000),
	(46, 26, 2, 1, 'kosong', '2023-07-24 18:32:30', NULL, NULL, 30000),
	(47, 27, 1, 1, 'kosong', '2023-07-24 18:34:21', NULL, NULL, 6000),
	(48, 27, 2, 1, 'kosong', '2023-07-24 18:34:21', NULL, NULL, 30000),
	(49, 28, 1, 2, 'kosong', '2023-07-24 18:35:34', NULL, NULL, 6000),
	(50, 28, 2, 4, 'kosong', '2023-07-24 18:35:34', NULL, NULL, 30000),
	(51, 29, 1, 1, 'notes', '2023-07-25 12:58:12', NULL, NULL, 6000),
	(52, 29, 2, 1, NULL, '2023-07-25 12:58:12', NULL, NULL, 30000),
	(53, 29, 1, 1, 'catatan notes', '2023-07-25 12:58:12', NULL, NULL, 6000),
	(54, 30, 1, 1, NULL, '2023-07-25 13:03:19', NULL, NULL, 6000),
	(55, 30, 2, 1, 'COntoh Notes ya', '2023-07-25 13:03:19', NULL, NULL, 30000),
	(56, 31, 1, 1, NULL, '2023-07-25 13:05:29', NULL, NULL, 6000),
	(57, 31, 2, 1, 'COntoh Notes ya', '2023-07-25 13:05:29', NULL, NULL, 30000),
	(58, 32, 1, 1, NULL, '2023-07-25 13:08:16', NULL, NULL, 6000),
	(59, 32, 2, 1, 'COntoh Notes ya', '2023-07-25 13:08:16', NULL, NULL, 30000),
	(60, 33, 1, 1, NULL, '2023-07-26 14:52:51', NULL, NULL, 6000),
	(61, 33, 2, 1, NULL, '2023-07-26 14:52:51', NULL, NULL, 30000),
	(62, 34, 1, 3, NULL, '2023-07-26 15:03:35', NULL, NULL, 6000),
	(63, 34, 2, 3, NULL, '2023-07-26 15:03:35', NULL, NULL, 30000),
	(64, 35, 1, 3, NULL, '2023-07-26 15:07:16', NULL, '2023-07-26 15:47:06', 6000),
	(65, 35, 1, 1, NULL, '2023-07-26 15:07:16', NULL, '2023-07-26 15:46:50', 6000),
	(66, 35, 1, 1, NULL, '2023-07-26 15:07:16', NULL, '2023-07-26 15:46:55', 6000),
	(67, 36, 2, 2, 'Pedas Ya', '2023-07-26 15:11:48', NULL, NULL, 30000),
	(68, 37, 1, 1, NULL, '2023-07-26 16:01:50', NULL, NULL, 6000),
	(69, 37, 1, 2, NULL, '2023-07-26 16:01:50', NULL, NULL, 6000),
	(70, 38, 2, 3, NULL, '2023-07-26 16:02:06', NULL, NULL, 30000),
	(71, 39, 1, 1, NULL, '2023-07-26 16:19:19', NULL, NULL, 6000),
	(72, 40, 1, 2, NULL, '2023-07-26 16:22:27', NULL, NULL, 6000),
	(73, 40, 2, 4, NULL, '2023-07-26 16:22:27', NULL, NULL, 30000),
	(74, 40, 1, 1, 'Less Sugar', '2023-07-26 16:22:28', NULL, NULL, 6000),
	(75, 41, 1, 1, NULL, '2023-07-26 16:25:57', NULL, NULL, 6000),
	(76, 41, 1, 1, 'Less sugar', '2023-07-26 16:25:57', NULL, NULL, 6000),
	(77, 42, 2, 1, NULL, '2023-07-26 16:26:13', NULL, NULL, 30000),
	(78, 42, 2, 1, 'Pedas', '2023-07-26 16:26:13', NULL, NULL, 30000),
	(79, 43, 2, 2, 'Pedas Ya', '2023-07-26 16:30:06', NULL, NULL, 30000),
	(80, 44, 1, 3, NULL, '2023-07-26 16:34:37', NULL, NULL, 6000),
	(81, 44, 2, 2, 'Satunya pedas satunya nggak', '2023-07-26 16:34:38', NULL, NULL, 30000),
	(82, 45, 1, 1, NULL, '2023-07-26 16:39:21', NULL, NULL, 6000),
	(83, 45, 1, 2, 'Es nya dikit aja', '2023-07-26 16:39:21', NULL, NULL, 6000),
	(84, 46, 1, 1, NULL, '2023-07-26 17:30:27', NULL, NULL, 6000),
	(85, 47, 1, 1, NULL, '2023-07-26 17:32:32', NULL, NULL, 6000),
	(86, 48, 2, 1, NULL, '2023-07-26 17:34:25', NULL, NULL, 30000),
	(87, 48, 2, 1, NULL, '2023-07-26 17:34:25', NULL, NULL, 30000),
	(88, 49, 2, 1, NULL, '2023-07-26 17:35:39', NULL, NULL, 30000),
	(89, 50, 1, 3, NULL, '2023-07-26 17:36:47', NULL, NULL, 6000),
	(90, 51, 1, 3, 'Manis Pol', '2023-07-26 21:03:38', NULL, NULL, 6000),
	(91, 52, 1, 3, 'Manis Pol', '2023-07-26 21:05:15', NULL, NULL, 6000),
	(92, 53, 2, 2, NULL, '2023-07-26 21:16:40', NULL, NULL, 30000),
	(93, 53, 1, 2, 'Satunya less sugar ya', '2023-07-26 21:16:40', NULL, NULL, 6000),
	(94, 54, 2, 2, NULL, '2023-07-26 21:17:15', NULL, NULL, 30000),
	(95, 54, 1, 2, 'Satunya less sugar ya', '2023-07-26 21:17:15', NULL, NULL, 6000),
	(96, 55, 2, 1, NULL, '2023-07-26 21:25:56', NULL, NULL, 30000),
	(97, 55, 1, 1, 'Esnya dikit aja hehe', '2023-07-26 21:25:56', NULL, NULL, 6000),
	(98, 56, 1, 2, 'Esnya dikit takut batuk', '2023-07-26 21:27:33', NULL, NULL, 6000),
	(99, 56, 2, 2, 'Satu Pedes Satu nggak', '2023-07-26 21:27:33', NULL, NULL, 30000),
	(100, 57, 1, 3, 'Es Nya dikit aja takut batuk hehe', '2023-07-26 21:29:12', NULL, NULL, 6000),
	(101, 58, 1, 2, 'Esnya dikit aja takut batuk hehe', '2023-07-26 21:30:31', NULL, NULL, 6000),
	(102, 59, 3, 1, NULL, '2023-07-26 21:39:14', NULL, NULL, 25000),
	(103, 59, 3, 1, NULL, '2023-07-26 21:39:14', NULL, NULL, 35000),
	(104, 59, 3, 1, 'Pedes Ya Kak', '2023-07-26 21:39:14', NULL, NULL, 33000),
	(105, 60, 3, 1, NULL, '2023-07-26 21:41:04', NULL, NULL, 25000),
	(106, 60, 3, 1, NULL, '2023-07-26 21:41:04', NULL, NULL, 35000),
	(107, 60, 3, 1, 'Pedes Ya kak', '2023-07-26 21:41:04', NULL, NULL, 30000),
	(108, 61, 1, 1, 'Less Sugar ya', '2023-07-27 14:11:34', NULL, NULL, 6000),
	(109, 61, 3, 1, 'Pedas ya', '2023-07-27 14:11:34', NULL, NULL, 30000);

-- Dumping data for table pos_sistem.invoice_product_toppings: ~4 rows (approximately)
INSERT INTO `invoice_product_toppings` (`id`, `invoice_product_id`, `active_product_id`, `topping_id`, `price`, `created_at`, `updated_at`, `deleted_at`) VALUES
	(1, 103, 3, 1, 5000, '2023-07-26 21:39:14', NULL, NULL),
	(2, 104, 3, 2, 3000, '2023-07-26 21:39:14', NULL, NULL),
	(3, 106, 3, 1, 5000, '2023-07-26 21:41:04', NULL, NULL),
	(4, 107, 3, 1, 5000, '2023-07-26 21:41:04', NULL, NULL);

-- Dumping data for table pos_sistem.invoice_product_variants: ~7 rows (approximately)
INSERT INTO `invoice_product_variants` (`id`, `invoice_product_variants`, `active_product_id`, `variant_id`, `price`, `created_at`, `updated_at`, `deleted_at`) VALUES
	(1, 102, 3, 1, 25000, '2023-07-26 21:39:14', NULL, NULL),
	(2, 103, 3, 2, 30000, '2023-07-26 21:39:14', NULL, NULL),
	(3, 104, 3, 2, 30000, '2023-07-26 21:39:14', NULL, NULL),
	(4, 105, 3, 1, 25000, '2023-07-26 21:41:04', NULL, NULL),
	(5, 106, 3, 2, 30000, '2023-07-26 21:41:04', NULL, NULL),
	(6, 107, 3, 1, 25000, '2023-07-26 21:41:04', NULL, NULL),
	(7, 109, 3, 2, 30000, '2023-07-27 14:11:34', NULL, NULL);

-- Dumping data for table pos_sistem.invoice_users: ~60 rows (approximately)
INSERT INTO `invoice_users` (`id`, `user_id`, `no_table`, `invoice_pdf`, `payment_charge`, `tax`, `charge_before_tax`, `created_at`, `updated_at`) VALUES
	(1, 1, '7', '/storage/invoices/i7NYIBnReYI709roTyqW.pdf', 118800, 10800, 108000, '2023-06-23 16:04:23', '2023-06-23 16:04:25'),
	(2, 1, '4', '/storage/invoices/I8IWCPvJ07zm1JAXZkcx.pdf', 79200, 7200, 72000, '2023-06-23 16:07:33', '2023-06-23 16:07:33'),
	(3, 1, '3', '/storage/invoices/CjG33cWgdEujUwM4TrnD.pdf', 39600, 3600, 36000, '2023-06-23 16:11:01', '2023-06-23 16:11:01'),
	(4, 1, '5', '/storage/invoices/LET6r4NzO0tEp8AaruYv.pdf', 26400, 2400, 24000, '2023-06-23 16:24:40', '2023-06-23 16:24:41'),
	(5, 1, '5', '/storage/invoices/PGsRd9EOk94iM73WU4gL.pdf', 66000, 6000, 60000, '2023-06-23 22:22:09', '2023-06-23 22:22:10'),
	(6, 1, '12', '/storage/invoices/a3stfRuZK6YU0676oZGG.pdf', 59400, 5400, 54000, '2023-06-23 23:43:12', '2023-06-23 23:43:13'),
	(7, 1, '45', '/storage/invoices/LfgixDdQHpuVuM4cqLLM.pdf', 46200, 4200, 42000, '2023-06-23 23:52:41', '2023-06-23 23:52:42'),
	(8, 1, '2', NULL, 541200, 49200, 492000, '2023-06-23 23:59:55', NULL),
	(9, 1, '2', NULL, 541200, 49200, 492000, '2023-06-23 23:59:58', NULL),
	(10, 1, '2', NULL, 541200, 49200, 492000, '2023-06-24 00:00:00', NULL),
	(11, 1, '2', NULL, 541200, 49200, 492000, '2023-06-24 00:00:11', NULL),
	(12, 1, '2', NULL, 541200, 49200, 492000, '2023-06-24 00:01:26', NULL),
	(13, 1, '5', NULL, 145200, 13200, 132000, '2023-06-24 00:17:02', NULL),
	(14, 1, '5', NULL, 145200, 13200, 132000, '2023-06-24 00:17:08', NULL),
	(15, 1, '5', NULL, 145200, 13200, 132000, '2023-06-24 00:17:23', NULL),
	(16, 1, '34', NULL, 33000, 3000, 30000, '2023-06-24 00:18:48', NULL),
	(17, 1, '21', NULL, 33000, 3000, 30000, '2023-06-24 00:24:23', NULL),
	(18, 1, '21', NULL, 33000, 3000, 30000, '2023-06-24 00:24:54', NULL),
	(19, 1, '21', NULL, 33000, 3000, 30000, '2023-06-24 00:25:39', NULL),
	(20, 1, '21', NULL, 33000, 3000, 30000, '2023-06-24 00:25:59', NULL),
	(21, 1, '21', NULL, 33000, 3000, 30000, '2023-06-24 00:26:40', NULL),
	(22, 1, '21', NULL, 33000, 3000, 30000, '2023-06-24 00:27:25', NULL),
	(23, 1, '21', NULL, 33000, 3000, 30000, '2023-06-24 00:28:51', NULL),
	(24, 1, '21', NULL, 33000, 3000, 30000, '2023-06-24 00:29:30', NULL),
	(25, 1, '21', '/storage/invoices/YV4Vhfot6jKXCtS2g82J.pdf', 33000, 3000, 30000, '2023-06-24 00:30:05', '2023-06-24 00:30:06'),
	(26, 1, '4', '/storage/invoices/hqlco68Nza69cXq5yYrS.pdf', 39600, 3600, 36000, '2023-06-24 00:30:32', '2023-06-24 00:30:32'),
	(27, 1, '34', '/storage/invoices/GHabv6Vl09aKoAKeoJt4.pdf', 138600, 12600, 126000, '2023-06-24 00:32:01', '2023-06-24 00:32:01'),
	(28, 1, '5', '/storage/invoices/36LVtJTLx99ATr25wGsE.pdf', 33000, 3000, 30000, '2023-06-24 00:54:38', '2023-06-24 00:54:39'),
	(29, 1, '4', '/storage/invoices/CLlPR4RKGWMw2cU8YiZv.pdf', 33000, 3000, 30000, '2023-06-24 00:54:58', '2023-06-24 00:54:59'),
	(30, 1, '1', '/storage/invoices/wPpDG2s1dk0xoNVBg2lk.pdf', 33000, 3000, 30000, '2023-06-24 00:57:13', '2023-06-24 00:57:13'),
	(31, 1, '34', '/storage/invoices/9SX9D5TafzhY7yHoxUQH.pdf', 118800, 10800, 108000, '2023-06-24 12:24:48', '2023-06-24 12:24:52'),
	(32, 2, '12', '/storage/invoices/P22py09Ql0ouSr0p18zo.pdf', 118800, 10800, 108000, '2023-06-24 12:29:37', '2023-06-24 12:29:37'),
	(33, 2, '4', '/storage/invoices/B5sabotAX8acANPJylpS.pdf', 6600, 600, 6000, '2023-07-21 18:02:57', '2023-07-21 18:02:58'),
	(34, 2, '78', '/storage/invoices/Zb8ruVlNoaEMTKoEsBwB.pdf', 6600, 600, 6000, '2023-07-21 18:03:33', '2023-07-21 18:03:35'),
	(35, 2, '6', '/storage/invoices/s8kmpToHdDBcH8C9bLk6.pdf', 6600, 600, 6000, '2023-07-21 18:04:10', '2023-07-21 18:04:12'),
	(36, 2, '09', '/storage/invoices/ghSnTfS5qhjbOb5edeww.pdf', 6600, 600, 6000, '2023-07-24 18:03:07', '2023-07-24 18:03:10'),
	(37, 1, '66', '/storage/invoices/OOIcbdc2B9suWXXj0JJl.pdf', 39600, 3600, 36000, '2023-07-24 21:08:22', '2023-07-24 21:08:25'),
	(38, 1, '7', '/storage/invoices/0imJvCmZ11dpFfZ86FsW.pdf', 46200, 4200, 42000, '2023-07-25 12:33:14', '2023-07-25 12:33:17'),
	(39, 2, '43', '/storage/invoices/fIsi1ps6Md0EETUWKg8w.pdf', 39600, 3600, 36000, '2023-07-25 13:53:46', '2023-07-25 13:53:47'),
	(40, 2, '23', '/storage/invoices/BJFZcxigIWS6uBoDURuW.pdf', 39600, 3600, 36000, '2023-07-25 14:42:45', '2023-07-25 14:42:46'),
	(41, 2, '5', '/storage/invoices/llQu4Nzot2RNLLcUFajT.pdf', 39600, 3600, 36000, '2023-07-25 14:44:30', '2023-07-25 14:44:31'),
	(42, 2, '8', '/storage/invoices/OGN1VElwiAW2OKG57BAc.pdf', 46200, 4200, 42000, '2023-07-25 14:45:27', '2023-07-25 14:45:28'),
	(43, 2, '12', '/storage/invoices/9bqVklIemBqx3HOgmqoX.pdf', 145200, 13200, 132000, '2023-07-25 14:45:57', '2023-07-25 14:45:58'),
	(44, 2, '4', '/storage/invoices/ZNzssci513SJVPYuH0GF.pdf', 132000, 12000, 120000, '2023-07-25 14:55:40', '2023-07-25 14:55:41'),
	(45, 2, '89', '/storage/invoices/aZxerZEkD8hke1n1a9vh.pdf', 46200, 4200, 42000, '2023-07-25 14:56:22', '2023-07-25 14:56:24'),
	(46, 2, '5', '/storage/invoices/Kik8cirol7HoSF8hgG3z.pdf', 6600, 600, 6000, '2023-07-25 14:56:52', '2023-07-25 14:56:53'),
	(47, 1, '10', NULL, 39600, 3600, 36000, '2023-07-26 14:55:58', NULL),
	(48, 1, '34', '/storage/invoices/2wF7LgWix3j93WVjbeLs.pdf', 118800, 10800, 108000, '2023-07-26 15:03:58', '2023-07-26 15:03:59'),
	(49, 1, '54', '/storage/invoices/EstzXMdSwSISWLZUnAsI.pdf', 0, 0, 0, '2023-07-26 15:47:10', '2023-07-26 15:47:11'),
	(50, 1, '10', '/storage/invoices/JgpAo4UvMgIz5nb4kmLo.pdf', 66000, 6000, 60000, '2023-07-26 16:01:23', '2023-07-26 16:01:24'),
	(51, 1, '1', NULL, 118800, 10800, 108000, '2023-07-26 16:17:37', NULL),
	(52, 1, '3', NULL, 6600, 600, 6000, '2023-07-26 16:19:28', NULL),
	(53, 1, '54', '/storage/invoices/6kABfgi1jSVVSrFEgnSz.pdf', 151800, 13800, 138000, '2023-07-26 16:23:05', '2023-07-26 16:23:06'),
	(54, 1, '67', NULL, 79200, 7200, 72000, '2023-07-26 16:26:22', NULL),
	(55, 1, '67', NULL, 79200, 7200, 72000, '2023-07-26 16:26:38', NULL),
	(56, 1, '4', NULL, 66000, 6000, 60000, '2023-07-26 16:30:27', NULL),
	(57, 1, '34', NULL, 85800, 7800, 78000, '2023-07-26 16:35:20', NULL),
	(58, 1, '3', '/storage/invoices/oOc80Wna4lO0TvbwDQzu.pdf', 19800, 1800, 18000, '2023-07-26 16:39:32', '2023-07-26 16:39:33'),
	(59, 1, '6', '/storage/invoices/RO7RA5FBJsK4hGzEIZxs.pdf', 99000, 9000, 90000, '2023-07-27 08:57:22', '2023-07-27 08:57:23'),
	(60, 1, '90', '/storage/invoices/iPGWz942riWwyM8XRLB3.pdf', 13200, 1200, 12000, '2023-07-27 10:21:36', '2023-07-27 10:21:38');

-- Dumping data for table pos_sistem.invoice_user_invoices: ~63 rows (approximately)
INSERT INTO `invoice_user_invoices` (`id`, `invoice_user_id`, `invoice_number`, `created_at`, `updated_at`) VALUES
	(1, 1, 0, '2023-06-23 16:04:23', NULL),
	(2, 2, 0, '2023-06-23 16:07:33', NULL),
	(3, 3, 0, '2023-06-23 16:11:01', NULL),
	(4, 4, 0, '2023-06-23 16:24:40', NULL),
	(5, 5, 0, '2023-06-23 22:22:09', NULL),
	(6, 6, 0, '2023-06-23 23:43:12', NULL),
	(7, 7, 0, '2023-06-23 23:52:41', NULL),
	(8, 8, 0, '2023-06-23 23:59:55', NULL),
	(9, 9, 0, '2023-06-23 23:59:58', NULL),
	(10, 10, 0, '2023-06-24 00:00:00', NULL),
	(11, 11, 0, '2023-06-24 00:00:11', NULL),
	(12, 12, 0, '2023-06-24 00:01:26', NULL),
	(13, 13, 0, '2023-06-24 00:17:02', NULL),
	(14, 14, 0, '2023-06-24 00:17:08', NULL),
	(15, 15, 0, '2023-06-24 00:17:23', NULL),
	(16, 16, 0, '2023-06-24 00:18:48', NULL),
	(17, 17, 0, '2023-06-24 00:24:23', NULL),
	(18, 18, 0, '2023-06-24 00:24:54', NULL),
	(19, 19, 0, '2023-06-24 00:25:39', NULL),
	(20, 20, 0, '2023-06-24 00:25:59', NULL),
	(21, 21, 0, '2023-06-24 00:26:40', NULL),
	(22, 22, 0, '2023-06-24 00:27:25', NULL),
	(23, 23, 0, '2023-06-24 00:28:51', NULL),
	(24, 24, 0, '2023-06-24 00:29:30', NULL),
	(25, 25, 0, '2023-06-24 00:30:05', NULL),
	(26, 26, 0, '2023-06-24 00:30:32', NULL),
	(27, 27, 0, '2023-06-24 00:32:01', NULL),
	(28, 28, 0, '2023-06-24 00:54:38', NULL),
	(29, 29, 0, '2023-06-24 00:54:58', NULL),
	(30, 30, 0, '2023-06-24 00:57:13', NULL),
	(31, 31, 0, '2023-06-24 12:24:48', NULL),
	(32, 32, 0, '2023-06-24 12:29:37', NULL),
	(33, 33, 0, '2023-07-21 18:02:57', NULL),
	(34, 34, 0, '2023-07-21 18:03:33', NULL),
	(35, 35, 0, '2023-07-21 18:04:10', NULL),
	(36, 36, 0, '2023-07-24 18:03:07', NULL),
	(37, 37, 0, '2023-07-24 21:08:22', NULL),
	(38, 38, 0, '2023-07-25 12:33:14', NULL),
	(39, 39, 0, '2023-07-25 13:53:46', NULL),
	(40, 40, 0, '2023-07-25 14:42:45', NULL),
	(41, 41, 0, '2023-07-25 14:44:30', NULL),
	(42, 42, 0, '2023-07-25 14:45:27', NULL),
	(43, 43, 0, '2023-07-25 14:45:57', NULL),
	(44, 44, 0, '2023-07-25 14:55:40', NULL),
	(45, 45, 0, '2023-07-25 14:56:22', NULL),
	(46, 46, 0, '2023-07-25 14:56:52', NULL),
	(47, 47, 0, '2023-07-26 14:55:58', NULL),
	(48, 48, 0, '2023-07-26 15:03:58', NULL),
	(49, 49, 0, '2023-07-26 15:47:10', NULL),
	(50, 50, 0, '2023-07-26 16:01:23', NULL),
	(51, 51, 0, '2023-07-26 16:17:37', NULL),
	(52, 51, 0, '2023-07-26 16:17:37', NULL),
	(53, 52, 0, '2023-07-26 16:19:28', NULL),
	(54, 53, 0, '2023-07-26 16:23:05', NULL),
	(55, 54, 0, '2023-07-26 16:26:22', NULL),
	(56, 54, 0, '2023-07-26 16:26:22', NULL),
	(57, 55, 0, '2023-07-26 16:26:38', NULL),
	(58, 55, 0, '2023-07-26 16:26:38', NULL),
	(59, 56, 0, '2023-07-26 16:30:27', NULL),
	(60, 57, 0, '2023-07-26 16:35:20', NULL),
	(61, 58, 0, '2023-07-26 16:39:32', NULL),
	(62, 59, 0, '2023-07-27 08:57:22', NULL),
	(63, 60, 0, '2023-07-27 10:21:36', NULL);

-- Dumping data for table pos_sistem.master_products: ~0 rows (approximately)

-- Dumping data for table pos_sistem.migrations: ~39 rows (approximately)
INSERT INTO `migrations` (`id`, `migration`, `batch`) VALUES
	(1, '2014_10_12_000000_create_users_table', 1),
	(2, '2014_10_12_100000_create_password_resets_table', 1),
	(3, '2019_08_19_000000_create_failed_jobs_table', 1),
	(4, '2023_02_23_161507_create_roles_table', 1),
	(5, '2023_02_23_161844_create_companies_table', 1),
	(6, '2023_02_23_162424_create_table_user_activities', 1),
	(7, '2023_02_23_162656_create_outlets_table', 1),
	(8, '2023_02_23_163039_create_master_products', 1),
	(9, '2023_02_23_235745_create_variants_table', 1),
	(10, '2023_02_24_000404_create_categories_table', 1),
	(11, '2023_02_24_005655_create_qr_codes_table', 1),
	(12, '2023_02_24_020831_create_active_products_table', 1),
	(13, '2023_02_24_021315_create_active_products_items_table', 1),
	(14, '2023_02_24_021758_create_invoices_table', 1),
	(15, '2023_02_24_022742_create_receipts_table', 1),
	(16, '2023_02_24_023646_create_invoice_products_table', 1),
	(17, '2023_02_27_133253_create_toppings_table', 1),
	(18, '2023_03_01_072347_add_column_topping_price', 1),
	(19, '2023_03_01_082529_add_category_id_on_active_products', 1),
	(20, '2023_03_07_114043_add_data_price_invoice_products', 1),
	(21, '2023_03_07_114129_invoice_product_variants', 1),
	(22, '2023_03_07_114152_invoice_product_toppings', 1),
	(23, '2023_03_12_031936_add_data_no_table_on_invoices', 1),
	(24, '2023_03_13_090715_add_payment_status_on_invoices', 1),
	(25, '2023_03_13_110727_add_invoice_code_on_invoices', 1),
	(26, '2023_03_15_141215_add_data_order_status_on_invoices', 1),
	(27, '2023_03_17_163253_add_outlet_id_nullable_on_users', 1),
	(28, '2023_03_20_060655_create_table_invoice_outlets', 1),
	(29, '2023_03_21_122735_add_column_tax_on_invoices', 1),
	(30, '2023_03_27_135623_add_user_id_on_invoices_nullable', 1),
	(31, '2023_03_27_193459_create_invoices_users_table', 1),
	(32, '2023_03_27_193809_create_invoice_user_invoices', 1),
	(33, '2023_03_29_195217_add_printers_on_outlet', 1),
	(34, '2023_03_30_141139_add_invoice_pdf_on_invoice_outlets', 1),
	(35, '2023_03_30_210517_add_invoice_is_printed_on_invoice_outlets', 1),
	(36, '2023_04_05_162219_add_data_printer_on_roles_table', 1),
	(37, '2023_04_06_035537_add_secret_key_on_invoices', 2),
	(38, '2023_04_06_170307_add_data_from_xendits_on_invoices', 2),
	(39, '2023_07_26_172736_add_keterangan_on_invoices_table', 3);

-- Dumping data for table pos_sistem.outlets: ~2 rows (approximately)
INSERT INTO `outlets` (`id`, `user_id`, `company_id`, `outlet_name`, `printer`, `paper`, `is_active`, `created_at`, `updated_at`, `deleted_at`) VALUES
	(1, 1, 1, 'Minuman', 'POS-80C-3', '80(72.1) x 210 mm', 1, '2023-04-16 23:51:44', NULL, NULL),
	(2, 1, 1, 'Makanan', 'POS-80C', '80(72.1) x 210 mm', 1, '2023-04-16 23:52:01', NULL, NULL);

-- Dumping data for table pos_sistem.password_resets: ~0 rows (approximately)

-- Dumping data for table pos_sistem.qr_codes: ~0 rows (approximately)

-- Dumping data for table pos_sistem.receipts: ~0 rows (approximately)

-- Dumping data for table pos_sistem.roles: ~4 rows (approximately)
INSERT INTO `roles` (`id`, `role_name`, `created_at`, `updated_at`, `deleted_at`, `printer`, `paper`) VALUES
	(1, 'superadmin', '2023-04-16 23:45:17', NULL, NULL, NULL, NULL),
	(2, 'cashier', '2023-04-16 23:45:17', '2023-04-17 00:05:51', NULL, 'POS-80C-3', '80(72.1) x 210 mm'),
	(3, 'outlet', '2023-04-16 23:45:17', NULL, NULL, NULL, NULL),
	(4, 'waitress', '2023-04-16 23:45:17', NULL, NULL, NULL, NULL);

-- Dumping data for table pos_sistem.toppings: ~3 rows (approximately)
INSERT INTO `toppings` (`id`, `master_product_id`, `topping_name`, `created_at`, `updated_at`, `deleted_at`, `topping_price`) VALUES
	(1, 3, 'Extra Ayam', '2023-07-26 21:38:30', NULL, NULL, 5000),
	(2, 3, 'Extra Sosis', '2023-07-26 21:38:30', NULL, NULL, 3000),
	(3, 4, 'Telor', '2023-07-27 10:18:47', NULL, NULL, 1000);

-- Dumping data for table pos_sistem.users: ~2 rows (approximately)
INSERT INTO `users` (`id`, `company_id`, `role_id`, `name`, `email`, `email_verified_at`, `password`, `is_superadmin`, `last_login`, `is_active`, `remember_token`, `created_at`, `updated_at`, `deleted_at`, `outlet_id`) VALUES
	(1, 1, 1, 'superadmin', 'superadmin@warungacehbangari.com', NULL, '$2y$10$nqbKqxx.D0wATWxzvplBqOnOKlRVmbc6VPKncHn7vSJWikS7ayKom', 1, NULL, 1, NULL, '2023-04-16 23:48:40', NULL, NULL, NULL),
	(2, 1, 2, 'cashier', 'cashier@warungacehbangari.com', NULL, '$2y$10$nqbKqxx.D0wATWxzvplBqOnOKlRVmbc6VPKncHn7vSJWikS7ayKom', 0, NULL, 1, NULL, '2023-04-17 00:06:31', NULL, NULL, NULL);

-- Dumping data for table pos_sistem.user_activities: ~0 rows (approximately)

-- Dumping data for table pos_sistem.variants: ~4 rows (approximately)
INSERT INTO `variants` (`id`, `master_product_id`, `user_id`, `varian_name`, `varian_price`, `varian_sku`, `varian_description`, `varian_promo`, `created_at`, `updated_at`, `deleted_at`) VALUES
	(1, 3, 1, 'Standar', 25000, 'STANDAR-59', 'null', 25000, '2023-07-26 21:38:30', NULL, NULL),
	(2, 3, 1, 'Jumbo', 30000, 'JUMBO-59', 'null', 30000, '2023-07-26 21:38:30', NULL, NULL),
	(3, 4, 1, 'Sedang', 40000, 'SEDANG-14', 'null', 40000, '2023-07-27 10:18:47', NULL, NULL),
	(4, 4, 1, 'Jumbo', 50000, 'JUMBO-14', 'null', 50000, '2023-07-27 10:18:47', NULL, NULL);

/*!40103 SET TIME_ZONE=IFNULL(@OLD_TIME_ZONE, 'system') */;
/*!40101 SET SQL_MODE=IFNULL(@OLD_SQL_MODE, '') */;
/*!40014 SET FOREIGN_KEY_CHECKS=IFNULL(@OLD_FOREIGN_KEY_CHECKS, 1) */;
/*!40101 SET CHARACTER_SET_CLIENT=@OLD_CHARACTER_SET_CLIENT */;
/*!40111 SET SQL_NOTES=IFNULL(@OLD_SQL_NOTES, 1) */;
